<?xml version="1.0" encoding="UTF-8"?>
<!--Template for category summary receipt-->
<templates id="template" xml:space="preserve">
    <t t-name="CategorySummaryReceipt" owl="1">
        <div class="pos-receipt">
            <t t-if="company.logo">
                <img class="pos-receipt-logo" t-att-src="company.logo"
                     alt="Logo"/>
                <br/>
            </t>
            <t t-if="!company.logo">
                <h2 class="pos-receipt-center-align">
                    <t t-esc="company.name"/>
                </h2>
                <br/>
            </t>
            <div class="pos-receipt-contact">
                <t t-if="company.contact_address">
                    <div><t t-esc="company.contact_address" /></div>
                </t>
                <t t-if="company.phone">
                    <div>Tel:<t t-esc="company.phone"/></div>
                </t>
                <t t-if="company.vat">
                    <div><t t-esc="company.vat_label"/>:
                        <t t-esc="company.vat"/></div>
                </t>
                <t t-if="company.email">
                    <div><t t-esc="company.email" /></div>
                </t>
                <t t-if="company.website">
                    <div><t t-esc="company.website" /></div>
                </t>
                <t t-if="cashier">
                    <div class="cashier">
                        <div>--------------------------------</div>
                        <div>Served by <t t-esc="cashier.name"/></div>
                    </div>
                </t>
            </div>
            <br/>
            <h4 class="pos-receipt-center-align">
                Category Summary
            </h4>
            <table style="font-size:14px !important;margin-left: auto; margin-right: auto;"
                   t-if="props.start_date and props.end_date">
                <tr>
                    <td><strong>Start Date:</strong></td>
                    <td><t t-esc="props.start_date"/></td>
                </tr>
                <tr>
                    <td><strong>End Date:</strong></td>
                    <td><t t-esc="props.end_date"/></td>
                </tr>
            </table>
            <table style="width: 100%; margin-top:10px; font-size:14px !important;">
                <thead style="border-bottom: 2px solid black;">
					<tr>
						<th>Category</th>
                        <th style="text-align: center;">Quantity</th>
                        <th style="text-align: right;">Total</th>
					</tr>
				</thead>
                <tbody style="margin-top:5px;">
                    <t t-set="sub_total" t-value="0"/>
                    <t t-set="qty_total" t-value="0"/>
                    <tr t-foreach="categories" t-as="category"
                        t-key="category.id">
                     <td>
							<t t-esc="category.name.en_US"/>
						</td>
                        <td style="text-align: center;">
							<t t-esc="category.qty"/>
						</td>
                        <td style="text-align: right;">
							<t t-esc="env.pos.format_currency_no_symbol(category.amount)"/>
						</td>
                        <t t-set="sub_total"
                           t-value="sub_total + category.amount"/>
                        <t t-set="qty_total"
                           t-value="qty_total + category.qty"/>
                    </tr>
                    <br/>
                    <tr style="border-top: 2px solid black;">
						<td>Total:</td>
                        <td style="text-align: center;"><t t-esc="qty_total"/></td>
                        <td style="text-align: right;">
							<t t-esc="env.pos.format_currency_no_symbol(sub_total)"/>
						</td>
					</tr>
				</tbody>
			</table>
        </div>
    </t>
</templates>
