<?xml version="1.0" encoding="UTF-8"?>
<!--Template for category summary popup-->
<templates id="template" xml:space="preserve">
    <t t-name="CategorySummaryPopup" owl="1">
        <div role="dialog" class="modal-dialog">
            <div class="popup popup-text">
                <header class="title">
                    <t t-esc="props.title"/>
                </header>
                <main class="body">
                    <div class="order-summary">
                        <input type="checkbox" id="is_current_session"
                               name="is_current_session"
                               style="min-height: 15px !important;width: 25px !important;box-shadow: none !important;"
                               t-ref="isSession"
                               t-on-click="click_is_session"
                               t-model="state.current_session"/>
                        <label for="is_current_session">Current Session</label>
                        <div style="padding-top:10px;" id="date_section"
                             t-ref="dateSection">
                            <table>
                                <thead>
                                    <tr>
                                        <th style="width: 25%">Start Date</th>
                                        <th style="width: 20%">End Date</th>
                                    </tr>
                                </thead>
                                <tbody>
                                    <tr>
                                        <td class="flex" style="padding:5px;">
                                            <input type="date" id="start_date"
                                                   t-model="state.start_date"/>
                                        </td>
                                        <td class="flex" style="padding:5px;">
                                            <input type="date" id="end_date"
                                                   t-model="state.end_date"/>
                                        </td>
                                    </tr>
                                </tbody>
                            </table>
                        </div>
                    </div>
                </main>
                <footer class="footer">
                    <div class="button confirm" t-on-click="confirm">
                        Print
                    </div>
                    <div class="button cancel" t-on-click="cancel">
                        Cancel
                    </div>
                </footer>
            </div>
        </div>
    </t>
</templates>
